{
  "evaluation_date": "2025-09-29T22:11:29.567467",
  "test_size": 60,
  "best_model": "MIDAS_V2_regime",
  "models": {
    "MIDAS_V2_hibrida": {
      "rmse": 20.593079531631393,
      "mae": 16.592213888998735,
      "mape": 3.166584303381187,
      "r2": -0.47334057324594503,
      "explained_variance": -0.4054556636977782,
      "directional_accuracy": 54.64285714285714,
      "hit_rate_2pct": 37.72241992882562
    },
    "MIDAS_V2_regime": {
      "rmse": 17.32627718160282,
      "mae": 13.753430838781041,
      "mape": 2.591567651803793,
      "r2": -0.04296820931692613,
      "explained_variance": 0.04449318367722421,
      "directional_accuracy": 50.357142857142854,
      "hit_rate_2pct": 46.97508896797153
    },
    "XGBoost_V2_regime": {
      "rmse": 27.730142863228494,
      "mae": 23.08888197251967,
      "mape": 4.302319189829238,
      "r2": -1.6242263882911332,
      "explained_variance": -0.19169762264664958,
      "directional_accuracy": 49.473684210526315,
      "hit_rate_2pct": 25.524475524475527
    },
    "XGBoost_V2_hibrida": {
      "rmse": 23.226310673604893,
      "mae": 18.961974363527098,
      "mape": 3.533986620441392,
      "r2": -0.8410159278956664,
      "explained_variance": -0.022944351502421245,
      "directional_accuracy": 51.578947368421055,
      "hit_rate_2pct": 30.069930069930066
    }
  }
}